domain,platform,discovered_via,verified_on,sauce_products,product_urls
13starshotsauce.com,shopify,awards_directory,2026-09-19,13,
adoboloco.com,woo,seed,2026-09-19,20,
alchemypeppers.com,shopify,vendor:Alchemy Peppers,2026-09-19,4,
alwaysflavored.com,shopify,awards_directory,2026-09-19,8,
apicklelypse.com,shopify,awards_directory,2026-09-19,3,
barbaromojo.com,shopify,awards_directory,2026-09-19,11,
barefootkitchen.com,shopify,awards_directory,2026-09-19,7,
bitchinsauce.com,shopify,awards_directory,2026-09-19,6,
blackeyedspices.com,woo,awards_directory,2026-09-19,8,
bonesuckin.com,woo,awards_directory,2026-09-19,7,
bravadospice.com,shopify,seed,2026-09-19,10,
brooklyndelhi.com,shopify,seed,2026-09-19,1,
bushwickkitchen.com,shopify,seed,2026-09-19,3,
butterflybakeryvt.com,shopify,awards_directory,2026-09-19,49,
californiahotsaucesolutions.com,shopify,awards_directory,2026-09-19,25,
calijalapenos.com,shopify,awards_directory,2026-09-19,1,
crafthotsauce.com,shopify,aggregator,2026-09-19,0,
dawsonshotsauce.com,shopify,seed,2026-09-19,19,
deepforkfoods.com,shopify,awards_directory,2026-09-19,5,
delgadosfuego.com,shopify,awards_directory,2026-09-19,4,
dirtybirdsauce.com,shopify,awards_directory,2026-09-19,2,
dosmokehouse.com,shopify,awards_directory,2026-09-19,7,
down2ferment.com,shopify,awards_directory,2026-09-19,29,
downtoferment.com,shopify,awards_directory,2026-09-19,29,
familytraditionsspecialtyfoods.com,shopify,awards_directory,2026-09-19,10,
fantasticfuego.com,shopify,awards_directory,2026-09-19,2,
freakyferments.com,shopify,awards_directory,2026-09-19,15,
funkyshotsaucefactory.com,shopify,awards_directory,2026-09-19,26,
goodlandsfood.co,shopify,awards_directory,2026-09-19,15,
grumpyspice.com,shopify,awards_directory,2026-09-19,3,
harmacyhotsauce.com,shopify,awards_directory,2026-09-19,16,
heartbeathotsauce.com,shopify,seed,2026-09-19,2,
heathotsauce.com,shopify,aggregator,2026-09-19,0,
heatonist.com,shopify,aggregator,2026-09-19,153,
hellfirehotsauce.com,shopify,seed,2026-09-19,73,
highmesachile.co,shopify,awards_directory,2026-09-19,10,
hotones.com,shopify,vendor:Hot Ones,2026-09-19,54,
hotsaucedepot.com,woo,aggregator,2026-09-19,53,
hotsauceworld.com,webshop,d17_double_check,2026-09-19,,120
jackspepperheist.com,shopify,awards_directory,2026-09-19,4,
joeyshotsauce.com,shopify,awards_directory,2026-09-19,4,
julzscreations.com,shopify,awards_directory,2026-09-19,14,
karmasauce.com,shopify,seed,2026-09-19,21,
luckydoghotsauce.com,shopify,seed,2026-09-19,13,
mainegravy.com,woo,awards_directory,2026-09-19,10,
markshotsauce.com,shopify,vendor:Mark's Hot Sauce,2026-09-19,7,
maspeppers.com,shopify,awards_directory,2026-09-19,5,
melindas.com,shopify,seed,2026-09-19,54,
mikeshothoney.com,shopify,seed,2026-09-19,25,
mohotta.com,webshop,d17_double_check,2026-09-19,,23
myspicebuds.com,shopify,awards_directory,2026-09-19,4,
naaginsauce.com,shopify,awards_directory,2026-09-19,10,
neilsrealdeal.com,shopify,vendor:Neil's Real Deal,2026-09-19,7,
newkssauces.com,shopify,vendor:Newks,2026-09-19,17,
oaksteakbbqsauce.com,shopify,awards_directory,2026-09-19,2,
oldboneschillico.com,shopify,awards_directory,2026-09-19,12,
oldcityfire.com,shopify,awards_directory,2026-09-19,5,
omaandpopies.com,shopify,awards_directory,2026-09-19,1,
onimapantry.com,shopify,awards_directory,2026-09-19,6,
pepperpalace.com,shopify,aggregator,2026-09-19,79,
peppers.com,webshop,d17_double_check,2026-09-19,,6
pexpeppers.com,shopify,awards_directory,2026-09-19,36,
pokonlava.com,woo,awards_directory,2026-09-19,1,
powerfulpepper.co,shopify,awards_directory,2026-09-19,8,
puckerbuttpeppercompany.com,shopify,seed,2026-09-19,132,
queenmajestyhotsauce.com,shopify,vendor:Queen Majesty Hot Sauce,2026-09-19,11,
redclayhotsauce.com,shopify,seed,2026-09-19,19,
risingsmokesauce.com,shopify,awards_directory,2026-09-19,16,
samsahouse.com,shopify,vendor:Sam Sa'House,2026-09-19,16,
sauceleopard.com,shopify,vendor:Sauce Leopard,2026-09-19,14,
sauceshop.co,shopify,seed,2026-09-19,9,
savirfoods.com,shopify,vendor:Savir Foods,2026-09-19,14,
scorchedlizardsauces.com,webshop,d17_double_check,2026-09-19,,120
seasidegrown.com,woo,awards_directory,2026-09-19,1,
secretaardvark.com,woo,seed,2026-09-19,18,
shopelyucateco.com,shopify,awards_directory,2026-09-19,5,
sinaigourmet.com,woo,vendor:Sinai Gourmet,2026-09-19,13,
springsfireplace.com,shopify,awards_directory,2026-09-19,4,
stillthereshinesauce.com,shopify,awards_directory,2026-09-19,2,
sweetdiamondfoods.com,shopify,awards_directory,2026-09-19,3,
tahitijoeshotsauces.com,shopify,awards_directory,2026-09-19,1,
taoshumhotsauce.com,shopify,awards_directory,2026-09-19,12,
texanheartland.com,shopify,awards_directory,2026-09-19,11,
thepepperninja.com,shopify,vendor:The Pepper Ninja,2026-09-19,8,
torchbearersauces.com,shopify,seed,2026-09-19,70,
traversebayfarms.com,shopify,awards_directory,2026-09-19,1,
truff.com,shopify,seed,2026-09-19,20,
yellowbirdsauce.com,shopify,seed,2026-09-19,31,
ziachile.com,shopify,awards_directory,2026-09-19,33,
